<?xml version="1.0" encoding="utf-8"?>
<WebHelpSystem DefaultUrl="Content/Honeywell Mobility Android Printing Java API Guide.htm" Toc="Data/Toc.js" Index="Data/Index.js" Concepts="Data/Concepts.js" BrowseSequence="Data/BrowseSequence.js" Glossary="Data/Glossary.js" SearchDatabase="Data/Search.js" Alias="Data/Alias.xml" Synonyms="Data/Synonyms.xml" SearchFilterSet="Data/Filters.js" SkinName="Honeywell" Skins="Honeywell,Honeywell_AND,HTML5,Intermec" BuildTime="3/2/2016 10:49:30 AM" BuildVersion="11.1.2.31113" TargetType="WebHelp2" SkinTemplateFolder="Skin/" InPreviewMode="false" MoveOutputContentToRoot="false" MakeFileLowerCase="false" UseCustomTopicFileExtension="false" PreventExternalUrls="false" EnableResponsiveOutput="false" IncludeGlossarySearchResults="true" ResultsPerPage="20">
    <!-- saved from url=(0016)http://localhost -->
    <CatapultSkin Version="2" SkinType="WebHelp2" Comment="HTML5 skin" Anchors="Width,Height" Width="800" Height="600" Top="0" Left="0" Bottom="0" Right="0" Tabs="TOC" DefaultTab="TOC" UseBrowserDefaultSize="True" UseDefaultBrowserSetup="true" AutoSyncTOC="true" CommentsInTopic="false" BrowserSetup="Menu" Name="Honeywell">
        <Toolbar EnableCustomLayout="true" Buttons="Print">
            <Script>$(document).ready(function(){
   $("div#header&gt;a").attr("href", "http://www.honeywellaidc.com/");
});</Script>
        </Toolbar>
    </CatapultSkin>
    <CatapultSkin Version="2" SkinType="WebHelp2" Comment="HTML5 skin" Anchors="Width,Height" Width="800" Height="600" Top="0" Left="0" Bottom="0" Right="0" Tabs="TOC" DefaultTab="TOC" UseBrowserDefaultSize="True" UseDefaultBrowserSetup="true" AutoSyncTOC="true" CommentsInTopic="false" BrowserSetup="Menu" Name="Honeywell_AND">
        <Toolbar EnableCustomLayout="true" Buttons="">
            <Script>$(document).ready(function(){
   $("div#header&gt;a").attr("href", "http://www.honeywellaidc.com/");
});</Script>
        </Toolbar>
    </CatapultSkin>
    <CatapultSkin Version="1" SkinType="WebHelp2" Comment="HTML5 skin" Anchors="Width,Height" Width="800" Height="600" Top="0" Left="0" Bottom="0" Right="0" Tabs="TOC,Index" DefaultTab="TOC" UseBrowserDefaultSize="True" UseDefaultBrowserSetup="false" BrowserSetup="Resizable" NavigationLinkTop="true" Name="HTML5">
        <Toolbar EnableCustomLayout="true" Buttons="Print|NextTopic|PreviousTopic|ExpandAll" />
    </CatapultSkin>
    <CatapultSkin Version="1" SkinType="WebHelp2" Comment="HTML5 skin" Anchors="Width,Height" Width="1000px" Height="800px" Top="300px" Left="400px" Bottom="57px" Right="200px" Tabs="TOC" DefaultTab="TOC" UseBrowserDefaultSize="false" UseDefaultBrowserSetup="True" Name="Intermec">
        <Toolbar EnableCustomLayout="true" Buttons="Print">
            <Script>$(document).ready(function(){
   $("div#header&gt;a").attr("href", "http://www.intermec.com/");
});</Script>
        </Toolbar>
    </CatapultSkin>
</WebHelpSystem>